idx,Question,Answer,Labels
0,What are the common symptoms of Canine Parvovirus?,"Symptoms include lethargy, severe vomiting, loss of appetite, and bloody diarrhea.","VetHealthAssessment,CanineDisease,SymptomAssessment"
1,How is the effectiveness of the Parvovirus vaccine assessed?,Effectiveness is assessed through clinical trials by measuring the incidence of the disease in vaccinated vs. unvaccinated populations.,"VetHealthAssessment,VaccineEffectiveness,ClinicalTrial"
2,What diagnostic tests are performed for Feline Leukemia?,"Diagnostic tests include a combination of blood tests (e.g., ELISA), blood smears, and bone marrow biopsies.","VetHealthAssessment,DiagnosticData,FelineDisease"
3,What are the common treatment protocols for Equine Influenza?,"Treatment typically involves rest, anti-inflammatory drugs, and supportive care such as fluid therapy and nasal oxygen.","VetHealthAssessment,EquineDisease,TreatmentProtocol"
4,How are patient outcomes measured in veterinary clinical trials?,"Patient outcomes are measured by tracking the recovery time, complication rates, and overall survival rates.","VetHealthAssessment,ClinicalTrial,OutcomeMeasurement"
5,What symptoms might indicate a dog has contracted Heartworm Disease?,"Symptoms can include a persistent cough, fatigue, reduced appetite, and in advanced stages, difficulty breathing and fainting.","VetHealthAssessment,CanineDisease,SymptomAssessment"
6,What is the primary endpoint in vaccine efficacy studies for canines?,The primary endpoint often includes the incidence rate of the targeted disease in the vaccinated group compared to a control group.,"VetHealthAssessment,VaccineEffectiveness,ClinicalTrial"
7,What is the initial step in diagnosing Feline Infectious Peritonitis (FIP)?,"The initial step often includes a thorough history and physical examination, followed by specific blood tests and abdominal ultrasound.","VetHealthAssessment,DiagnosticData,FelineDisease"
8,What are the standard treatment protocols for Equine Recurrent Uveitis?,"Standard treatment protocols for Equine Recurrent Uveitis include topical and systemic corticosteroids, cycloplegic agents, and pain management.","VetHealthAssessment,EquineDisease,TreatmentProtocol"
9,What is the primary endpoint in a clinical trial for osteoarthritis in dogs?,"The primary endpoint is often the improvement in mobility, measured by the Canine Brief Pain Inventory.","VetHealthAssessment,ClinicalTrial,OutcomeMeasurement"
10,What symptoms might indicate a dog has a UTI?,"Symptoms can include frequent urination, straining to urinate, blood in the urine, and discomfort during urination.","VetHealthAssessment,CanineDisease,SymptomAssessment"
11,What are the common factors evaluated in vaccine efficacy studies for bovine respiratory disease?,"Factors include the reduction of disease incidence, decreased severity of symptoms, and improved recovery rates post-vaccination.","VetHealthAssessment,VaccineEffectiveness,ClinicalTrial"
12,What are the common symptoms of Feline Asthma?,"Symptoms of Feline Asthma include wheezing, coughing, difficulty breathing, and rapid breathing.","VetHealthAssessment,DiagnosticData,FelineDisease"
13,What is the first line of treatment for Equine Metabolic Syndrome?,"The first line of treatment includes dietary management with a low non-structural carbohydrate diet, regular exercise, and monitoring body condition score.","VetHealthAssessment,EquineDisease,TreatmentProtocol"
14,How is the mortality rate assessed in clinical trials for Bovine Respiratory Disease?,Mortality rate is assessed by monitoring the number of deaths among the test group compared to the control group during the trial period.,"VetHealthAssessment,ClinicalTrial,OutcomeMeasurement"
15,How is Lyme Disease diagnosed in dogs?,"Diagnosis is typically made through a combination of physical examination, history of tick exposure, and laboratory tests such as antibody testing.","VetHealthAssessment,CanineDisease,DiagnosticMethods"
16,How long after vaccination should clinical trial participants be monitored for efficacy?,"Participants are typically monitored for a period equal to the expected incubation period of the disease, which can vary based on the pathogen but is often several weeks to months.","VetHealthAssessment,VaccineEffectiveness,ClinicalTrial"
17,Which diagnostic test is considered the gold standard for diagnosing Feline Leukemia Virus (FeLV)?,Polymerase Chain Reaction (PCR) testing is considered the gold standard due to its high specificity and sensitivity.,"VetHealthAssessment,DiagnosticData,FelineDisease"
18,How is Laminitis in horses treated?,"Treatment for Laminitis typically involves anti-inflammatory medications, supportive shoeing or alternative hoof care, pain relief, and controlled exercise.","VetHealthAssessment,EquineDisease,TreatmentProtocol"
19,How long should a clinical trial for feline diabetes last?,A clinical trial for feline diabetes typically lasts for 12 months to adequately assess the long-term effects of the treatment protocols.,"VetHealthAssessment,ClinicalTrial,OutcomeMeasurement"
20,Which symptoms are characteristic of a dog suffering from heartworm disease?,"Symptoms may involve a persistent cough, reluctance to exercise, weight loss, and difficulty breathing.","VetHealthAssessment,CanineDisease,SymptomAssessment"
21,How is vaccine potency determined in veterinary medicine?,"Vaccine potency is determined through assays that measure the immune response elicited in the vaccinated animals, such as antibody titers.","VetHealthAssessment,VaccineEffectiveness,ClinicalTrial"
22,How is the presence of Feline Leukemia Virus diagnosed?,"Feline Leukemia Virus (FeLV) can be diagnosed using ELISA tests, IFA tests, and PCR. ELISA tests are usually the first screening test.","VetHealthAssessment,DiagnosticData,FelineDisease"
23,What medication is commonly used for joint inflammation in horses?,Non-steroidal anti-inflammatory drugs (NSAIDs) like phenylbutazone or flunixin meglumine are commonly used to reduce joint inflammation.,"VetHealthAssessment,EquineDisease,TreatmentProtocol"
24,What is considered a successful treatment outcome for Canine Arthritis?,"A successful treatment outcome is characterized by reduced joint pain, increased mobility, and a positive impact on the dog's quality of life.","VetHealthAssessment,ClinicalTrial,OutcomeMeasurement"
25,What are the typical symptoms of Canine Distemper?,"Symptoms include high fever, nasal discharge, coughing, lethargy, loss of appetite, and in later stages, neurological symptoms like seizures.","VetHealthAssessment,CanineDisease,SymptomAssessment"
26,What statistical methods are used to determine vaccine effectiveness in a clinical trial?,"Statistical methods include calculating the relative risk reduction, vaccine efficacy percentage, and confidence intervals to determine the significance of the results.","VetHealthAssessment,VaccineEffectiveness,ClinicalTrial"
27,How can feline upper respiratory infections be diagnosed?,Diagnosis is typically based on clinical signs and may be confirmed with a nasal swab culture or polymerase chain reaction (PCR) testing.,"VetHealthAssessment,DiagnosticData,FelineDisease"
28,What are the dietary recommendations for a horse recovering from a bowel obstruction?,"Dietary recommendations include easily digestible feeds, small frequent meals, and the gradual reintroduction of fiber to prevent recurrence.","VetHealthAssessment,EquineDisease,TreatmentProtocol"
29,What are the key outcome measures in a trial for heartworm prevention in dogs?,"Key outcome measures include the incidence of heartworm infection, the safety profile of the preventative, and the adherence rate of the pet owners.","VetHealthAssessment,ClinicalTrial,OutcomeMeasurement"
30,How do you diagnose diabetes mellitus in dogs?,"Diagnosis is typically based on blood tests that measure glucose levels, such as the fasting blood glucose test and the fructosamine test.","VetHealthAssessment,CanineDisease,SymptomAssessment"
31,What is the typical follow-up period for assessing vaccine effectiveness in livestock?,The follow-up period can vary but is often several months to a year to adequately capture the duration of immunity and any potential outbreaks.,"VetHealthAssessment,VaccineEffectiveness,ClinicalTrial"
32,What are the normal ranges for a complete blood count (CBC) in cats?,"A CBC for cats typically includes red blood cells (15-20 x10^3/uL), white blood cells (6-18 x10^3/uL), and platelets (300-800 x10^3/uL).","VetHealthAssessment,DiagnosticData,FelineDisease"
33,Which antibiotic is recommended for treating strangles in horses?,"Penicillin, often administered intravenously, is recommended for treating strangles caused by Streptococcus equi.","VetHealthAssessment,EquineDisease,TreatmentProtocol"
34,How long should the follow-up period be after administering a new treatment for Feline Hyperthyroidism?,The follow-up period should typically extend for at least 6 months to 1 year to monitor the long-term effects and stability of the treatment outcome.,"VetHealthAssessment,ClinicalTrial,OutcomeMeasurement"
35,Can you list the symptoms of canine parasitic infections?,"Common symptoms of parasitic infections include diarrhea, vomiting, weight loss, anemia, and in severe cases, intestinal blockage.","VetHealthAssessment,CanineDisease,SymptomAssessment"
36,What role does the placebo group play in vaccine effectiveness studies?,"The placebo group serves as a control to compare against the vaccinated group, helping to establish the vaccine's effectiveness by providing a baseline for the disease incidence.","VetHealthAssessment,VaccineEffectiveness,ClinicalTrial"
37,What is the role of radiography in diagnosing feline pancreatitis?,"Radiography can reveal signs of pancreatitis such as a thickened pancreas, but definitive diagnosis often requires cytology or biopsy.","VetHealthAssessment,DiagnosticData,FelineDisease"
38,How is colic in horses treated in a clinical setting?,"Treatment for colic can include pain management, fluid therapy, nasogastric intubation, and in severe cases, surgery.","VetHealthAssessment,EquineDisease,TreatmentProtocol"
39,What is the significance of a p-value in the context of veterinary clinical trials?,A p-value indicates the probability that the observed results are due to chance. A low p-value (typically <0.05) suggests that the treatment had a significant effect on the outcome measures.,"VetHealthAssessment,ClinicalTrial,OutcomeMeasurement"
40,What are the typical symptoms of pancreatitis in dogs?,"Symptoms include vomiting, abdominal pain, loss of appetite, and lethargy.","VetHealthAssessment,CanineDisease,SymptomAssessment"
41,How do environmental factors affect vaccine effectiveness in veterinary applications?,"Environmental factors such as temperature, humidity, and stress can affect the immune response and therefore the effectiveness of vaccines.","VetHealthAssessment,VaccineEffectiveness,ClinicalTrial"
42,What is the recommended diet for a cat with diabetes?,"A diabetic cat's diet should be high in protein, low in carbohydrates, and moderate in fiber. Frequent, smaller meals are recommended.","VetHealthAssessment,DiagnosticData,FelineDisease"
43,How should an abscess be treated in horses?,"An abscess should be treated by veterinary evaluation, possible drainage, and administration of antibiotics to treat the underlying bacterial infection.","VetHealthAssessment,EquineDisease,TreatmentProtocol"
44,What are the key performance indicators (KPIs) for assessing the success of a new treatment for Canine Epilepsy?,"KPIs include the reduction in seizure frequency, severity of seizures, and overall improvement in the dog's quality of life.","VetHealthAssessment,ClinicalTrial,OutcomeMeasurement"
45,What are the signs of a dog having a skin allergy?,"Signs can include itching, redness, rash, hair loss, and secondary skin infections due to scratching.","VetHealthAssessment,CanineDisease,SymptomAssessment"
46,Why is it important to have a diverse population in vaccine efficacy studies?,"A diverse population ensures that the results are generalizable and that the vaccine is effective across different breeds, ages, and genetic backgrounds, providing comprehensive safety and efficacy data.","VetHealthAssessment,VaccineEffectiveness,ClinicalTrial"
47,What diagnostic methods are used to assess renal function in cats?,"Common diagnostic methods include blood tests (BUN, creatinine, and electrolytes) and urinalysis. Ultrasound may also be used to assess kidney size and structure.","VetHealthAssessment,DiagnosticData,FelineDisease"
48,What post-operative care is recommended after a horse has undergone a hoof abscess treatment?,"Post-operative care includes regular hoof care, monitoring for signs of infection, restricted activity, and proper nutrition to support healing.","VetHealthAssessment,EquineDisease,TreatmentProtocol"
49,How are adverse events monitored during a clinical trial for flea and tick medications?,"Adverse events are monitored through regular veterinary check-ups, owner-reported observations, and tracking any reported side effects in the trial database.","VetHealthAssessment,ClinicalTrial,OutcomeMeasurement"
50,What signs would a veterinarian look for when diagnosing distemper in dogs?,"Signs include fever, coughing, nasal discharge, lethargy, and loss of appetite. A veterinarian may also look for signs such as seizures or paralysis.","VetHealthAssessment,CanineDisease,SymptomAssessment"
51,What are the challenges in conducting vaccine trials for zoonotic diseases?,"Challenges include ensuring the safety of vaccines for both animals and humans, ethical considerations, and the complexity of zoonotic disease transmission dynamics.","VetHealthAssessment,VaccineEffectiveness,ClinicalTrial"
52,What types of imaging are used in diagnosing feline pancreatitis?,"Feline pancreatitis can be diagnosed using abdominal ultrasound, radiography, and sometimes CT scans. Ultrasound is the most commonly used method for initial assessment.","VetHealthAssessment,DiagnosticData,FelineDisease"
53,What is the treatment for Equine Herpesvirus Myeloencephalopathy (EHM)?,"Supportive care is the primary treatment, including antiviral drugs like guanidine, anti-inflammatory medications, and intravenous fluids.","VetHealthAssessment,EquineDisease,TreatmentProtocol"
54,How is the effectiveness of a dietary supplement for equine hoof health evaluated in a clinical trial?,"Effectiveness is evaluated through the improvement in hoof condition, reduction in hoof lesions, and the overall performance of the horse in activities.","VetHealthAssessment,ClinicalTrial,OutcomeMeasurement"
55,How do you recognize symptoms of Canine Diabetes?,"Symptoms of canine diabetes include excessive thirst, frequent urination, weight loss despite a good appetite, and in severe cases, cataract formation.","VetHealthAssessment,CanineDisease,SymptomAssessment"
56,How are booster doses factored into vaccine efficacy studies?,Booster doses may be included in the study design to assess their impact on sustaining immunity and prolonging the duration of vaccine effectiveness.,"VetHealthAssessment,VaccineEffectiveness,ClinicalTrial"
57,Which tests are recommended for diagnosing Feline Immunodeficiency Virus (FIV)?,"FIV is typically diagnosed through antibody testing, such as ELISA, followed by confirmatory Western Blot or PCR testing.","VetHealthAssessment,DiagnosticData,FelineDisease"
58,What is the recommended treatment for Equine Encephalitis?,"Recommended treatment for Equine Encephalitis includes supportive care such as fluids, anti-inflammatory medications, and monitoring for complications.","VetHealthAssessment,EquineDisease,TreatmentProtocol"
59,What is the role of a control group in veterinary clinical trials?,"A control group receives a placebo or standard treatment to provide a baseline for comparison, allowing researchers to determine the true effect of the experimental treatment.","VetHealthAssessment,ClinicalTrial,OutcomeMeasurement"
60,What are common symptoms of canine kidney disease?,"Common symptoms include increased thirst and urination, weight loss, vomiting, and lethargy. Regular blood tests can help in the diagnosis.","VetHealthAssessment,CanineDisease,SymptomAssessment"
61,How are placebo and control groups used in vaccine trials for veterinary use?,"Placebo and control groups help establish a baseline for the natural occurrence of the disease and the effects of the vaccine, allowing for comparative analysis of efficacy.","VetHealthAssessment,VaccineEffectiveness,ClinicalTrial"
62,What are the common signs of Feline Infectious Peritonitis (FIP)?,"Common signs of FIP include weight loss, fever, lethargy, and abdominal distension. In some cases, respiratory or neurological symptoms may also occur.","VetHealthAssessment,DiagnosticData,FelineDisease"
63,What dietary changes can help manage Equine Cushing's Disease?,"Dietary changes involve reducing carbohydrate intake, increasing fiber, and managing weight through a controlled diet.","VetHealthAssessment,EquineDisease,TreatmentProtocol"
64,What are the common adverse effects monitored during clinical trials for new flea and tick medications?,"Common adverse effects include skin irritation, vomiting, diarrhea, and, in rare cases, seizures.","VetHealthAssessment,ClinicalTrial,OutcomeMeasurement"
65,What symptoms might indicate a dog has Gastric Dilation-Volvulus (GDV)?,"Symptoms include restlessness, drooling, abdominal distension, pain, and signs of shock such as weakness and collapse.","VetHealthAssessment,CanineDisease,SymptomAssessment"
66,What is the significance of measuring antibody titers in vaccine studies?,Measuring antibody titers helps to determine the immune response elicited by the vaccine and can be correlated with protection against the disease.,"VetHealthAssessment,VaccineEffectiveness,ClinicalTrial"
67,How is Feline Diabetes diagnosed?,Diagnosis is based on consistent hyperglycemia and can be confirmed with fructosamine levels or fasting blood glucose tests. Hormone-stimulated glucose tolerance test is also used.,"VetHealthAssessment,DiagnosticData,FelineDisease"
68,What is the protocol for treating Equine West Nile Virus?,"Treatment protocol for Equine West Nile Virus focuses on supportive care, anti-inflammatory drugs, and sometimes antiviral medications depending on the severity.","VetHealthAssessment,EquineDisease,TreatmentProtocol"
69,How is the statistical power of a clinical trial calculated?,"Statistical power is calculated based on the expected effect size, the variability of the outcome measure, the sample size, and the chosen significance level. Higher power reduces the likelihood of Type II errors.","VetHealthAssessment,ClinicalTrial,OutcomeMeasurement"
70,What are the symptoms of canine osteoarthritis?,"Symptoms typically involve joint pain, stiffness, and difficulty moving, particularly after rest. Some dogs may also show signs of discomfort while lying down.","VetHealthAssessment,CanineDisease,SymptomAssessment"
71,What role do adjuvants play in veterinary vaccines?,"Adjuvants are substances added to vaccines to enhance the immune response, often leading to better protection and longer-lasting immunity.","VetHealthAssessment,VaccineEffectiveness,ClinicalTrial"
72,How is feline upper respiratory infection diagnosed?,"Diagnosis of feline upper respiratory infection (URI) involves clinical signs, a history of exposure, and confirmatory testing such as rapid tests for specific pathogens like FHV-1 or FCV.","VetHealthAssessment,DiagnosticData,FelineDisease"
73,Which medication is used to manage Recurrent Airway Obstruction (RAO) in horses?,Bronchodilators such as clenbuterol and corticosteroids like dexamethasone are used to manage RAO symptoms.,"VetHealthAssessment,EquineDisease,TreatmentProtocol"
74,How is the progression of Canine Diabetes Mellitus monitored in a clinical trial setting?,"Progression is monitored through regular blood glucose measurements, HbA1c levels, and monitoring for symptoms such as increased thirst and urination.","VetHealthAssessment,ClinicalTrial,OutcomeMeasurement"
75,What are the signs of Canine Mange?,"Signs of mange include severe itching, hair loss, skin inflammation, and crusty lesions.","VetHealthAssessment,CanineDisease,SymptomAssessment"
76,How are adverse events monitored in vaccine effectiveness trials?,Adverse events are closely monitored and recorded to ensure the safety of the vaccine and to assess any potential side effects that may occur post-vaccination.,"VetHealthAssessment,VaccineEffectiveness,ClinicalTrial"
77,What diagnostic techniques are used for diagnosing feline tapeworms?,"Diagnosis can be made by identifying proglottids or eggs in the feces, through a fecal float test, or via direct visualization of the worms in the intestine using endoscopy.","VetHealthAssessment,DiagnosticData,FelineDisease"
78,How are respiratory diseases in horses typically treated?,"Treatment for respiratory diseases may involve antibiotics, bronchodilators, anti-inflammatory drugs, and supportive care such as oxygen therapy and fluid therapy.","VetHealthAssessment,EquineDisease,TreatmentProtocol"
79,What ethical considerations are important in conducting veterinary clinical trials?,"Ethical considerations include ensuring animal welfare, obtaining informed consent from pet owners, and minimizing pain and distress during the trial.","VetHealthAssessment,ClinicalTrial,OutcomeMeasurement"
80,What symptoms indicate a dog may have contracted rabies?,"Early symptoms include fever, loss of appetite, excessive thirst and urination. Later symptoms may involve behavioral changes, paralysis, and difficulty swallowing.","VetHealthAssessment,CanineDisease,SymptomAssessment"
81,How do researchers account for variability in immune response among different animal species?,Researchers use standardized protocols and consider species-specific factors when designing trials to ensure reliable and comparable results across different animal groups.,"VetHealthAssessment,VaccineEffectiveness,ClinicalTrial"
82,What is the role of endoscopy in feline health diagnostics?,"Endoscopy is used to visually inspect the gastrointestinal tract for abnormalities, take biopsies, and assist in procedures like removing foreign bodies or performing fecal flotations.","VetHealthAssessment,DiagnosticData,FelineDisease"
83,What is the standard treatment for Equine Gastric Ulcer Syndrome?,"Treatment typically includes the use of proton pump inhibitors (e.g., omeprazole), dietary management with frequent small meals, and reducing stress.","VetHealthAssessment,EquineDisease,TreatmentProtocol"
84,What is the significance of a placebo group in a clinical trial for equine respiratory diseases?,A placebo group is essential to determine the actual effectiveness of the treatment by comparing outcomes against a control group that does not receive the treatment.,"VetHealthAssessment,ClinicalTrial,OutcomeMeasurement"
85,What are the symptoms of Canine Arthritis?,"Symptoms include joint pain, stiffness, swelling, decreased range of motion, and difficulty moving.","VetHealthAssessment,CanineDisease,SymptomAssessment"
86,What is the importance of dose-ranging studies in vaccine development?,"Dose-ranging studies help to identify the optimal dose that maximizes efficacy while minimizing side effects, ensuring an effective and safe vaccine.","VetHealthAssessment,VaccineEffectiveness,ClinicalTrial"
87,What diagnostic methods are used to identify feline asthma?,"Diagnosis may involve clinical history, physical examination, and tests such as chest radiography, thoracic ultrasound, and bronchoscopy.","VetHealthAssessment,DiagnosticData,FelineDisease"
88,What is the standard treatment for Equine Influenza?,"Standard treatment for Equine Influenza includes rest, anti-inflammatory drugs, supportive care such as fluid therapy, and monitoring for complications.","VetHealthAssessment,EquineDisease,TreatmentProtocol"
89,What statistical tests are commonly used in analyzing clinical trial data in veterinary medicine?,"Common statistical tests include t-tests, chi-square tests, ANOVA, and regression analysis, depending on the type and distribution of the data.","VetHealthAssessment,ClinicalTrial,OutcomeMeasurement"
90,How would a veterinarian diagnose a case of canine atopic dermatitis?,Diagnosis usually involves a thorough clinical examination and history. Skin tests and allergy blood tests may also be conducted to identify specific allergens.,"VetHealthAssessment,CanineDisease,SymptomAssessment"
91,What statistical methods are used to analyze vaccine trial data?,"Statistical methods such as survival analysis, logistic regression, and meta-analysis are commonly used to assess the efficacy and safety of vaccines.","VetHealthAssessment,VaccineEffectiveness,ClinicalTrial"
92,How is feline herpesvirus transmitted between cats?,"Feline herpesvirus is typically transmitted through close contact with infected cats, respiratory secretions, and contact with contaminated objects like food and water bowls.","VetHealthAssessment,DiagnosticData,FelineDisease"
93,Which enzyme inhibitors are used for treatment of Equine Gastric Ulcer Syndrome?,Proton pump inhibitors such as omeprazole and ranitidine are used as enzyme inhibitors to reduce stomach acid production.,"VetHealthAssessment,EquineDisease,TreatmentProtocol"
94,How is the response to treatment for Canine Leishmaniasis assessed in a clinical trial?,"Response to treatment is assessed by observing the reduction in the size of lesions, decrease in parasite load, and improvement in overall health.","VetHealthAssessment,ClinicalTrial,OutcomeMeasurement"
95,How can you identify symptoms of Canine Parasites?,"Symptoms may include diarrhea, vomiting, weight loss, lethargy, and in some cases, visible parasites like ticks or worms in the feces.","VetHealthAssessment,CanineDisease,SymptomAssessment"
96,How are data from vaccine trials used to inform public health decisions?,"Data from vaccine trials, including efficacy and safety profiles, inform public health recommendations and guidelines for vaccine deployment in target populations.","VetHealthAssessment,VaccineEffectiveness,ClinicalTrial"
97,Which tests are used to diagnose feline immunodeficiency virus (FIV)?,"FIV is diagnosed through antibody testing using ELISA, with confirmatory testing using Western Blot or PCR if necessary.","VetHealthAssessment,DiagnosticData,FelineDisease"
98,How is Equine Herpesvirus treated in a clinical setting?,"Treatment for Equine Herpesvirus includes supportive care, pain management, antiviral medications, and in severe cases, intensive care for complications like pneumonia.","VetHealthAssessment,EquineDisease,TreatmentProtocol"
99,How can blinding be implemented in a clinical trial for a new treatment for hip dysplasia in dogs?,Blinding can be implemented by having a third party prepare identical-looking treatment and placebo pills and administering them to the trial participants without disclosing which is which.,"VetHealthAssessment,ClinicalTrial,OutcomeMeasurement"
